업무구분,업무여부,구분,입찰공고번호,공고명,공고기관,수요기관,게시일시(입찰마감일시),단계,세부절차,세부절차상태
용역,Y,재공고,R26BK01649024,(정책연구) 지식재산처의 지식재산 분야 인공지능 전환 정책 추진을 위한 제언 연구,지식재산처,지식재산처,2026-07-24 11:25:59 (마감: 2026-08-04 10:00:00),,,
용역,Y,등록공고,R26BK01639738,[재공고 수의계약] 2026년 공공 특허기술 기후테크 성장지원 사업 IP사업화 컨설팅(6과제),한국발명진흥회,한국발명진흥회,2026-07-20 14:12:10 (마감: 2026-07-20 18:00:00),,,
용역,Y,재공고,R26BK01640849,[재공고]  2026년 특허기반 사업화 R&D 지원사업 용역 (1차 2과제),한국발명진흥회,한국발명진흥회,2026-07-21 19:30:17 (마감: 2026-08-04 10:00:00),,,
용역,Y,재공고,R26BK01643085,[재공고] 2027년 문화 체육 관광 저작권 분야 신규 연구개발 과제 기획 지원 위탁용역,한국콘텐츠진흥원,한국콘텐츠진흥원,2026-07-21 16:40:44 (마감: 2026-08-03 11:00:00),,,
용역,Y,등록공고,R26BK01647715,「지식재산 아이디어 경진대회 」운영,경북대학교 산학협력단,경북대학교 산학협력단,2026-07-23 16:27:27 (마감: 2026-07-24 12:00:00),,,
공사,Y,등록공고,R26BK01649627,2025 청년농업인스마트팜자립기반구축,알리움연구소,알리움연구소,2026-07-24 16:16:21 (마감: 2026-07-28 10:00:00),,,
용역,Y,등록공고,R26BK01649176,2026 뷰티・헬스케어 소재 기술사업화 설명회 운영 용역,(재)경기도경제과학진흥원,(재)경기도경제과학진흥원,2026-07-24 13:40:13 (마감: 2026-08-04 11:00:00),,,
용역,Y,취소공고,R26BK01587857,2026 KIGAM 기술사업화 혁신을 위한 유망기술 발굴 및 마케팅 용역,한국지질자원연구원,한국지질자원연구원,2026-07-24 15:52:59 (마감: 2026-07-29 10:00:00),,,
용역,Y,재공고,R26BK01640557,2026년도 국가연구개발성과 활용 및 확산 플랫폼 구축,조달청,한국과학기술정보연구원,2026-07-20 19:05:36 (마감: 2026-07-23 15:00:00),,,
용역,Y,재공고,R26BK01647552,2026년도 앵커 체계 초광역 기술사업화 거버넌스 구축 및 운영 지원,한국연구재단,한국연구재단,2026-07-24 11:36:39 (마감: 2026-07-29 11:00:00),,,
용역,Y,재공고,R26BK01646532,"2027년 식약처 출연연구개발사업(동물대체, 혁신 의료제품) 중간평가 대응 성과조사·분석",한국보건산업진흥원,한국보건산업진흥원,2026-07-23 15:33:49 (마감: 2026-08-06 10:00:00),,,
용역,Y,등록공고,R26BK01646435,2027년 중간평가 대응 농업연구개발사업 종합성과분석 연구 용역,농촌진흥청,농촌진흥청,2026-07-23 10:35:57 (마감: 2026-08-05 10:00:00),,,
용역,Y,등록공고,R26BK01649375,경남 농업빅데이터 통합관리 시스템 AI 적용 고도화 용역,경상남도,경상남도,2026-07-24 15:59:04 (마감: 2026-07-28 12:00:00),,,
용역,Y,변경공고,R26BK01637571,김천 스마트농업타운 조성 기본계획 수립 연구용역(협상에 의한 계약),경상북도 김천시,경상북도 김천시,2026-07-24 13:47:52,,,
용역,Y,등록공고,R26BK01647612,농업·농촌 2045전략 로드맵 및 이행과제 마련 연구,농림축산식품부,농림축산식품부,2026-07-23 15:54:57 (마감: 2026-07-24 11:00:00),,,
용역,Y,등록공고,R26BK01643700,농업·농촌 기후위기 대응 종합대책 수립을 위한 연구 용역,한국농어촌공사,한국농어촌공사,2026-07-22 09:05:25 (마감: 2026-08-03 10:00:00),,,
용역,Y,등록공고,R26BK01643781,농업가뭄관리시스템 유지관리 및 웹 기능개선 용역,한국농어촌공사,한국농어촌공사,2026-07-22 09:26:17 (마감: 2026-08-07 10:00:00),,,
용역,Y,재공고,R26BK01646126,농업진흥지역 밖 농지 데이터 분석 및 등급화 용역,한국농어촌공사,한국농어촌공사,2026-07-23 09:22:12 (마감: 2026-08-03 10:00:00),,,
용역,Y,등록공고,R26BK01643535,달빛축제공원 공연장 정비 타당성 분석 용역,인천광역시 경제자유구역청,인천광역시 경제자유구역청,2026-07-22 17:00:33 (마감: 2026-07-30 10:00:00),,,
용역,Y,변경공고,R26BK01643535,달빛축제공원 공연장 정비 타당성 분석 용역,인천광역시 경제자유구역청,인천광역시 경제자유구역청,2026-07-22 17:20:05 (마감: 2026-07-30 10:00:00),,,
용역,Y,등록공고,R26BK01644803,라오스 지식재산서비스센터 구축 및 지재권관리 시스템 개선사업 PMC 용역,한국국제협력단,한국국제협력단,2026-07-23 13:53:14 (마감: 2026-09-02 11:00:00),,,
용역,Y,변경공고,R26BK01631298,바이오 생체활성제품 글로벌 사업화 지원 AI 플랫폼 구축 및 사업화 기반 마련,바이오글로벌 사업화지원센터,바이오글로벌 사업화지원센터,2026-07-23 15:14:02 (마감: 2026-08-03 11:00:00),,,
용역,Y,등록공고,R26BK01586216,사업화 및 글로벌  진출 전략 컨설팅,(주)토이론,(주)토이론,2026-07-20 11:11:41 (마감: 2026-07-28 14:00:00),,,
용역,Y,변경공고,R26BK01586216,사업화 및 글로벌  진출 전략 컨설팅,(주)토이론,(주)토이론,2026-07-22 13:12:31 (마감: 2026-07-28 14:00:00),,,
용역,Y,취소공고,R26BK01636269,서울지식재산센터 「2026년 전통시장골목상권 공동브랜드개발」 수행 협력기관 선정(A과제)_신원시장,(재)서울경제진흥원,(재)서울경제진흥원,2026-07-20 14:08:49 (마감: 2026-07-28 10:00:00),,,
용역,Y,등록공고,R26BK01639854,서울지식재산센터 「2026년 전통시장골목상권 공동브랜드개발」 수행 협력기관 선정(A과제)_신원시장,(재)서울경제진흥원,(재)서울경제진흥원,2026-07-20 14:54:43 (마감: 2026-07-31 10:00:00),,,
용역,Y,취소공고,R26BK01636285,서울지식재산센터 「2026년 전통시장골목상권 공동브랜드개발」 수행 협력기관 선정(B과제)_마포농수산물시장,(재)서울경제진흥원,(재)서울경제진흥원,2026-07-20 14:10:35 (마감: 2026-07-28 10:00:00),,,
용역,Y,등록공고,R26BK01640034,서울지식재산센터 「2026년 전통시장골목상권 공동브랜드개발」 수행 협력기관 선정(B과제)_마포농수산물시장,(재)서울경제진흥원,(재)서울경제진흥원,2026-07-20 14:57:53 (마감: 2026-07-31 10:00:00),,,
용역,Y,재공고,R26BK01642518,서울지식재산센터 「2026년 지역대표 K-브랜드 100」 수행 협력기관 선정_목사랑전통시장상인회,(재)서울경제진흥원,(재)서울경제진흥원,2026-07-21 15:37:36 (마감: 2026-08-04 10:00:00),,,
용역,Y,등록공고,R26BK01640548,스마트농업 복합단지조성사업 고시면적 변경 용역,한국농어촌공사 충남지역본부 논산지사,한국농어촌공사 충남지역본부 논산지사,2026-07-20 16:44:26 (마감: 2026-07-20 18:00:00),,,
공사,Y,변경공고,R26BK01632008,스마트농업 테스트베드 교육장 고도화 사업,전북특별자치도 김제시,전북특별자치도 김제시,2026-07-22 08:23:24 (마감: 2026-07-28 10:00:00),,,
용역,Y,재공고,R26BK01638772,양자센서 기술 사업화 지원 및 수요발굴,재단법인 부산정보산업진흥원,재단법인 부산정보산업진흥원,2026-07-20 14:16:14 (마감: 2026-07-21 14:00:00),,,
용역,Y,재공고,R26BK01642139,연구개발장비 유지보수 및 방사선안전관리 지원,한국원자력통제기술원,한국원자력통제기술원,2026-07-21 13:30:14 (마감: 2026-08-03 10:00:00),,,
용역,Y,재공고,R26BK01648418,캄보디아·인도네시아·우즈베키스탄 농업 ODA 사업 종료평가,한국농촌경제연구원,한국농촌경제연구원,2026-07-24 09:14:09 (마감: 2026-08-05 10:00:00),,,
용역,Y,등록공고,R26BK01639797,한국지식재산연구원 그룹웨어 시스템 도입,한국지식재산연구원,한국지식재산연구원,2026-07-20 14:24:30 (마감: 2026-07-31 10:00:00),,,
용역,Y,등록공고,R26BK01643808,혁신거점 인공지능 데이터 융합과제 사업화 지원 교육,재단법인 부산정보산업진흥원,재단법인 부산정보산업진흥원,2026-07-22 10:35:47 (마감: 2026-08-03 10:00:00),,,
용역,Y,등록공고,R26BK01647816,GH biz&양주 사업화방안 수립용역,경기주택도시공사,경기주택도시공사,2026-07-23 17:26:29 (마감: 2026-08-13 16:00:00),,,